"package_name","created_by","created_date_time"
CA-UVC-UVC ACRYLIC DESIGN CUT ORNAMENTS-10/12/2024,Anonymous,2024-12-10 00:43:14.730
CA-UVC-UV ACRYLIC CUT ORNAMENT-09/12/2024#5,Anonymous,2024-12-10 01:02:43.421
CA-UVC-UVC ACRYLIC DESIGN CUT ORNAMENTS-10/12/2024#1,Anonymous,2024-12-10 01:20:04.638
CA-UVC-UV ACRYLIC PHOTO CUT ORNAMENT 5.25IN-10/12/2024,Anonymous,2024-12-10 01:20:52.634
CA-UVC-UV ACRYLIC PHOTO CUT ORNAMENT 4.25IN-10/12/2024,Anonymous,2024-12-10 02:00:59.741
CA-UVC-UVC ACRYLIC DESIGN CUT ORNAMENTS-10/12/2024#2,Anonymous,2024-12-10 02:02:06.498
CA-UVC-UV ACRYLIC CUT ORNAMENT-10/12/2024,Anonymous,2024-12-10 02:08:52.651
CA-UVC-UVC ACRYLIC DESIGN CUT ORNAMENTS-10/12/2024#3,Anonymous,2024-12-10 05:24:18.956
CA-UVC-UV ACRYLIC CUT ORNAMENT-10/12/2024#2,Anonymous,2024-12-10 05:54:11.924
TX-UVT-UVT ACRYLIC DESIGN CUT ORNAMENTS-10/12/2024,Anonymous,2024-12-10 06:41:35.849
CA-UVC-UVC ACRYLIC DESIGN CUT ORNAMENTS-10/12/2024#4,Anonymous,2024-12-10 08:21:38.104
CA-UVC-UV ACRYLIC CUT ORNAMENT-10/12/2024#4,Anonymous,2024-12-10 10:15:26.908
CA-UVC-UV ACRYLIC PHOTO CUT ORNAMENT 4.25IN-10/12/2024#1,Anonymous,2024-12-10 11:32:59.104
CA-UVC-UVC ACRYLIC DESIGN CUT ORNAMENTS-10/12/2024#5,Anonymous,2024-12-10 11:33:49.229
CA-UVC-UV ACRYLIC CUT ORNAMENT-10/12/2024#6,Anonymous,2024-12-10 11:34:32.958
CA-UVC-UV ACRYLIC CUT ORNAMENT-10/12/2024#7,Anonymous,2024-12-10 12:52:22.616
IN-LSR-PASSPORT-10/12/2024#1,ulascantekbas,2024-12-10 06:11:27.372
GA-LSR-WINE GLASS-10/12/2024,ulascantekbas,2024-12-10 06:11:27.377
TX-UVT-UVT 24X6 ACM RECTANGULAR STREET SIGN-10/12/2024,ulascantekbas,2024-12-10 06:11:27.380
CA-LSR-WHISKEY GLASSES-10/12/2024#1,ulascantekbas,2024-12-10 06:11:27.384
IN-LSR-KNIFE MULTITOOL -10/12/2024#1,ulascantekbas,2024-12-10 06:11:27.387
TX-SUB-PHOTO SEQUIN PILLOW SILVER-10/12/2024#1,ulascantekbas,2024-12-10 06:11:27.391
IN-LSR-WHISKEY GLASSES-10/12/2024#1,ulascantekbas,2024-12-10 06:11:27.396
TX-SUB-PHOTO SEQUIN PILLOW BLACK-10/12/2024,ulascantekbas,2024-12-10 06:11:27.401
GA-LSR-NEW TUMBLER 20OZ-10/12/2024#1,ulascantekbas,2024-12-10 06:11:27.404
TX-SUB-SUB MUG 11OZ RBLUE-10/12/2024#1,ulascantekbas,2024-12-10 06:11:27.407
TX-SUB-PHOTO SEQUIN PILLOW ROSE GOLD-10/12/2024#1,ulascantekbas,2024-12-10 06:11:27.411
CA-SUB-MAGIC MUG 11OZ-10/12/2024#1,ulascantekbas,2024-12-10 06:11:27.414
IN-LSR-KNIFE PLAIN -10/12/2024#1,ulascantekbas,2024-12-10 06:11:27.418
CA-LSR-NEW TUMBLER 40OZ-10/12/2024#1,ulascantekbas,2024-12-10 06:11:27.421
"TX-UVT-UVT FACE CUTOUT 8"" - COR. PLASTIC-10/12/2024",ulascantekbas,2024-12-10 06:11:27.425
CA-SUB-SCRUB CAP-10/12/2024#1,ulascantekbas,2024-12-10 06:11:27.429
CA-UVC-UVC ACRYLIC DESIGN CUT ORNAMENTS 4.25IN-10/12/2024#1,ulascantekbas,2024-12-10 06:11:27.432
CA-LSR-FLUTE PASA-10/12/2024#1,ulascantekbas,2024-12-10 06:11:27.436
IN-LSR-NOTEBOOK VERTICAL-10/12/2024#1,ulascantekbas,2024-12-10 06:11:27.440
CA-SUB-PHOTO MUG 11OZ WHITE-10/12/2024#1,ulascantekbas,2024-12-10 06:11:27.444
CA-UVC-SUNCATCHER ORNAMENT 7.5IN-10/12/2024#1,ulascantekbas,2024-12-10 06:11:27.447
TX-UVT-UVT ACRYLIC DESIGN CUT ORNAMENTS-10/12/2024#1,ulascantekbas,2024-12-10 06:11:27.451
TX-SUB-SUB MUG 11OZ WHITE-10/12/2024#1,ulascantekbas,2024-12-10 06:11:27.455
GA-LSR-TOILETRY BAG-10/12/2024#1,ulascantekbas,2024-12-10 06:11:27.459
CA-UVC-UV ACRYLIC CUT ORNAMENT-10/12/2024#3,ulascantekbas,2024-12-10 06:11:27.463
TX-UVT-UVT ACRYLIC DESIGN CUT ORNAMENTS-10/12/2024#2,ulascantekbas,2024-12-10 07:44:33.826
"TX-UVT-UVT FACE CUTOUT 12"" - COR. PLASTIC-10/12/2024#1",ulascantekbas,2024-12-10 07:44:33.831
GA-LSR-NEW TUMBLER 40OZ-10/12/2024#1,ulascantekbas,2024-12-10 07:44:33.834
TX-SUB-EMBRO TOILETRY BAG-10/12/2024#1,ulascantekbas,2024-12-10 08:26:13.207
TX-UVT-UVT ACRYLIC DESIGN CUT ORNAMENTS-10/12/2024#4,ulascantekbas,2024-12-10 10:53:47.746
TX-SUB-LAB COAT LARGE-10/12/2024#1,ulascantekbas,2024-12-10 10:53:47.749
IN-LSR-FLUTE PASA-10/12/2024#1,ulascantekbas,2024-12-10 10:53:47.753
CA-LSR-LSR KNIT STOCKING PATCH-10/12/2024#1,ulascantekbas,2024-12-10 10:53:47.756
CA-SUB-PHOTO CERAMIC ORNAMENT-10/12/2024,ulascantekbas,2024-12-10 10:53:47.760
CA-UVC-UV ACRYLIC CUT ORNAMENT-10/12/2024#5,ulascantekbas,2024-12-10 10:53:47.763
GA-LSR-DECANTER SQUARE-10/12/2024#1,ulascantekbas,2024-12-10 10:53:47.766
IN-LSR-NEW ROCK GLASS-10/12/2024#1,ulascantekbas,2024-12-10 10:53:47.769
IN-LSR-DECANTER SQUARE-10/12/2024#1,ulascantekbas,2024-12-10 10:53:47.772
GA-LSR-DECANTER MIX-10/12/2024#1,ulascantekbas,2024-12-10 10:53:47.776
IN-LSR-TOILETRY BAG-10/12/2024#1,ulascantekbas,2024-12-10 11:29:52.533
TX-SUB-PHOTO SEQUIN PILLOW RED-10/12/2024#1,ulascantekbas,2024-12-10 12:06:03.816
CA-LSR-LEATHER JEWELRY BOX-10/12/2024#1,ulascantekbas,2024-12-10 12:06:03.820
GA-LSR-NOTEBOOK HORIZONTAL-10/12/2024#1,ulascantekbas,2024-12-10 12:06:03.823
TX-UVT-UVT ACRYLIC DESIGN CUT ORNAMENTS-10/12/2024#5,ulascantekbas,2024-12-10 12:06:03.826
IN-LSR-NEW TUMBLER 20OZ-10/12/2024#1,ulascantekbas,2024-12-10 12:06:03.829
"TX-UVT-UVT FACE CUTOUT 12"" - COR. PLASTIC-10/12/2024#2",ulascantekbas,2024-12-10 12:06:03.832
GA-LSR-WATER BOTTLE 18OZ-10/12/2024#1,ulascantekbas,2024-12-10 12:06:03.835
CA-SUB-PHOTO CERAMIC ORNAMENT-10/12/2024#1,ulascantekbas,2024-12-10 12:06:03.838
CA-LSR-NEW TUMBLER 30OZ-10/12/2024#1,ulascantekbas,2024-12-10 12:37:45.988
TX-SUB-SOCKS-10/12/2024#1,ulascantekbas,2024-12-10 12:37:45.992
CA-UVC-UV ACRYLIC CUT ORNAMENT-10/12/2024#1,aliozdamar,2024-12-10 04:19:01.102

